FirstName,LastName,PhoneNumber,Age,Gender
Shermie,Pancast,400-249-3119,56,Male
Kile,Langlands,359-877-1781,35,Male
Farand,Banasiak,361-620-4046,26,Female
Gordan,Bafford,792-468-6976,77,Male
Elane,Revitt,846-843-2522,12,Female
Agnesse,Miroy,913-213-8877,53,Female
Ester,Todhunter,670-216-5173,22,Female
Darbee,Pibsworth,408-635-5432,27,Male
Gustave,Farlamb,401-668-3504,80,Male
Sergeant,Chinnock,307-759-1306,47,Male
Jarred,Cannon,147-532-6779,53,Male
Janie,Elphee,952-984-9298,5,Female
Trumann,Stiff,302-576-4505,75,Male
Audrye,Campanelle,421-874-0039,60,Female
Livvie,Briat,347-575-0012,24,Female
Mirna,Stonuary,203-717-2197,29,Female
Raquel,Greneham,437-995-9223,61,Female
Tynan,Drieu,961-977-8232,96,Male
Lanna,Collis,198-292-3955,18,Female
Valentin,Hornig,882-364-9195,26,Male
Tamra,Edwards,638-767-7169,3,Female
Luella,McRonald,780-766-3641,14,Female
Pier,Neissen,611-332-5385,24,Genderfluid
Lura,Studders,308-567-5047,70,Female
Fayette,Snar,941-621-8874,67,Female
Giorgio,Friend,732-523-1422,90,Male
Haze,Compfort,473-637-6938,27,Male
Sven,Whitwham,771-772-0237,34,Male
Guillaume,Hatfull,660-495-2218,64,Male
Coral,Jiricka,450-532-9627,49,Female
Craggie,Whitelaw,963-538-7885,17,Male
Maud,Crennan,719-109-4440,39,Female
Jedediah,Kloster,807-971-6152,19,Male
Bradly,Ratt,794-919-6305,15,Male
Nappy,Zum Felde,854-349-5445,45,Male
Brittni,Mityukov,133-107-9710,93,Genderfluid
Towney,Prosh,623-126-2004,94,Genderqueer
Esmeralda,Polson,188-844-7676,84,Female
Meta,Nottram,671-484-5682,49,Female
Lelia,Goudard,898-818-6963,42,Female
Web,Jeffcock,159-411-0929,62,Non-binary
Maritsa,Griffithe,151-331-6466,11,Female
Clementine,Ilett,444-618-1793,57,Female
Jemie,Minkin,992-782-7333,11,Female
Bartholemy,Greet,414-398-8124,49,Male
Filippo,Pinson,971-769-9572,23,Male
Emmie,Filkov,609-534-8876,55,Female
Mackenzie,Albrecht,298-276-5839,1,Male
Brandise,Kimbury,713-156-6172,14,Female
Orville,Carcass,787-402-4961,22,Bigender
Marietta,Di Biagio,700-960-8676,15,Female
Kellsie,Side,228-998-8903,60,Female
Robert,Pritchett,117-864-7343,16,Male
Bibi,Cicutto,233-101-8875,19,Genderqueer
Fransisco,Ibbett,337-665-0808,78,Male
Ermin,Skully,125-885-5222,1,Male
Launce,Bussel,455-328-7926,30,Male
Renaud,Leward,886-857-1603,9,Male
Frederic,Bone,348-152-9826,83,Non-binary
Jerrie,Ewbach,171-575-2433,93,Female
Francisca,Enticott,480-954-6127,88,Female
Billy,Cardinal,792-341-8908,28,Polygender
Lorianne,Rodda,747-211-2684,70,Female
Jackie,Stanluck,320-639-8320,45,Male
Jillie,Gossipin,109-131-2046,31,Female
Skipton,Mewitt,274-502-3739,23,Male
Gerianne,Peplow,664-956-2522,82,Genderfluid
Happy,Michelin,204-196-1254,91,Female
Colas,Gogie,786-707-7448,8,Male
Janina,Cornewell,545-532-6457,10,Non-binary
Avie,Mamwell,883-518-9562,36,Female
Hazlett,Aldus,593-135-3295,73,Male
Ray,Sealy,288-326-7335,25,Female
Tyrus,Mathen,731-688-8307,43,Male
Fanny,Elies,267-583-4711,25,Agender
Cosme,Fagan,854-181-9971,10,Male
Kingston,Lethem,458-349-4291,26,Agender
Gwenette,Brozsset,878-869-2180,63,Female
Clerissa,Gaukrodge,566-686-7183,52,Female
Tonya,Huburn,536-448-2193,44,Female
Esteban,Stilling,532-692-3014,50,Male
Lawry,Coston,175-107-9346,21,Male
Rolfe,Yerlett,208-627-9414,25,Male
Alessandro,Wankling,607-571-2959,8,Male
Nathalie,Gansbuhler,428-707-3037,97,Female
Timmie,Hattam,262-813-0120,26,Female
Debera,Barday,157-563-4664,21,Female
Enos,Gypps,410-299-9520,100,Male
Giovanna,Luckhurst,606-688-7080,43,Female
Garrett,Fivey,871-986-1922,74,Male
Carlyn,Piborn,575-645-5860,45,Female
Pepe,Khristyukhin,251-522-7394,94,Male
Emlyn,Becaris,941-354-0071,22,Male
Lem,Wightman,324-803-9719,71,Male
Irvine,Priel,602-603-9958,27,Male
Harli,Clogg,273-373-6350,13,Female
Val,Stroyan,947-859-2882,82,Female
Lamar,Francesconi,709-460-1197,75,Male
Annmaria,Aleksandrev,753-143-2146,78,Female
Blake,Nathon,290-682-6069,54,Female
Andrea,Twinn,965-283-2279,82,Genderfluid
Jordanna,Flancinbaum,564-669-5799,78,Female
Mart,Heynel,340-169-2208,98,Male
Leonid,Vittore,504-910-4369,70,Male
Bartholemy,Cossington,325-517-1523,91,Male
Carleen,Ramsell,669-717-2547,61,Female
Lucilia,Naismith,608-532-3780,18,Female
Stillmann,Peattie,112-131-5760,51,Male
Ambrose,Skuse,730-267-8085,78,Male
Montgomery,Woodland,670-142-5845,94,Male
Chandler,Beddoe,312-690-4109,49,Male
Giordano,Midghall,208-807-2683,89,Polygender
Vale,Wathall,193-456-6572,72,Male
Mavis,Boken,676-236-3289,2,Female
Emelda,Hansel,103-496-0166,87,Female
Hildy,Townes,969-598-4799,73,Female
Giraldo,Waiton,499-245-6284,64,Male
Carrissa,Haggish,385-399-5313,79,Female
Vassily,Edler,960-390-4479,31,Male
Holly,Speck,117-242-4253,98,Female
Yevette,Pawlett,281-727-1930,12,Female
Mellisa,Heild,160-467-2377,92,Female
Catie,Dzenisenka,492-629-8952,36,Female
Kaleb,Hassall,212-759-5013,7,Male
Moe,Bockett,910-704-1022,16,Male
Lucine,Seys,354-180-5750,94,Female
Tildy,Madgewick,624-367-5958,35,Female
Wash,Trayling,906-533-7798,5,Male
Nolan,Robatham,388-590-1272,42,Genderfluid
Francois,Custance,234-955-1943,31,Male
Zared,Wintringham,540-653-9731,66,Male
Germain,Balle,320-902-5518,62,Female
Jacki,Shillam,502-523-6161,95,Polygender
Jada,Lucken,480-729-6004,49,Female
Bentlee,Schimpke,635-438-1667,77,Male
Reed,Francomb,152-738-3192,100,Male
Ruttger,Wallington,679-295-7084,8,Male
Kristian,Cotesford,363-754-6011,61,Male
Mikael,Kindle,312-942-3338,67,Male
Laverne,Asken,347-343-6097,39,Female
Kally,Huckin,268-876-3704,17,Female
Coreen,Larkins,422-382-6044,44,Female
Roxanne,Peert,993-862-1674,90,Female
Cara,Dillinton,184-924-0518,15,Female
Alexina,Oleszcuk,869-920-8978,70,Female
Creighton,Santen,175-894-6073,65,Male
Casie,Thomann,152-464-7504,76,Female
Irina,Caunt,415-236-1361,24,Female
Anselm,Lundbech,605-326-0355,49,Male
Evyn,Lippitt,692-804-8133,69,Male
Freddi,Gibbard,522-130-8222,72,Bigender
Karlan,Sulter,202-205-6516,9,Agender
Karilynn,Summerlad,337-123-7851,42,Bigender
Jessy,Kezourec,692-948-0188,99,Female
Ricki,Bemand,448-112-3177,80,Male
Consuelo,Grigsby,612-735-2414,76,Polygender
Yasmin,Le Blanc,938-549-0248,65,Female
Willow,Carlsen,589-793-9899,84,Female
Florencia,Seide,310-293-0916,27,Female
Kit,Chastan,219-404-6597,84,Female
Stormi,Marquot,454-468-3422,44,Female
Phoebe,Walford,873-311-7170,60,Female
Giacopo,Hryniewicz,525-720-5951,46,Male
Gena,Dunkerly,955-197-5464,88,Female
Emogene,Vedishchev,262-551-9066,40,Female
Nichols,Britch,501-629-2834,45,Male
Emilie,Littlejohn,278-903-4573,35,Female
Hube,Dansie,656-217-2892,85,Male
Elmore,Cecely,971-335-7933,100,Male
Aymer,Guice,111-218-3706,11,Male
Caryl,Paling,672-528-2042,40,Male
Sonnie,Knightsbridge,862-914-9670,13,Male
Jay,Rippin,726-392-9480,41,Male
Ulrick,Crauford,157-567-9501,97,Male
Jacquenette,Brandassi,205-700-6806,73,Female
Aubert,Reede,353-773-0046,43,Genderqueer
Norris,Kretchmer,675-418-0579,64,Male
Erin,Jindracek,458-933-3788,100,Male
Vinson,Semarke,563-604-2553,51,Male
Winn,Pistol,261-335-9221,32,Male
Wilma,Whightman,440-704-1638,48,Female
Martica,Turtle,986-393-0003,40,Female
Ely,Ronchi,568-574-7652,99,Male
Carlos,Andreev,515-507-2092,38,Male
Patsy,Spinks,614-892-6762,59,Bigender
Hattie,Atkin,413-565-0353,96,Female
Emmalynne,Haselden,204-778-3257,35,Female
Cleon,Flay,612-546-7057,23,Male
Harriett,Yellop,189-785-0756,55,Female
Delmer,Berdale,117-430-9038,17,Male
Mike,Maidens,330-319-4223,72,Male
Hubey,Boliver,837-448-9897,40,Male
Karry,Barhems,452-308-6970,66,Female
Merna,Blaxley,771-918-9374,9,Female
Gussy,Stickells,844-689-9207,17,Female
Sianna,Duthie,532-151-6308,42,Female
Kaleb,Bustard,734-341-4060,88,Male
Ileane,Phinnessy,361-579-5372,42,Female
Audry,Stainland,920-415-2200,22,Female
Joannes,Hamly,243-531-3493,28,Female
Ashien,Caldwell,488-202-3703,26,Female
Liana,Fuchs,882-966-2987,44,Female
Georgena,Sherme,708-115-3118,19,Female
Yance,Conibear,245-653-0937,2,Male
Niall,Piel,940-272-0976,9,Male
Anastassia,Breffit,541-633-2602,81,Female
Nikolaus,Paybody,476-988-3631,65,Male
Phylis,Pellew,183-580-7945,63,Female
Zilvia,Bedminster,602-101-6299,80,Female
Darcey,Sapey,674-209-1851,46,Female
Deny,Hamflett,832-426-5493,17,Female
Roxane,Say,499-347-3170,76,Non-binary
Jourdain,Appleyard,670-662-1250,61,Male
Stormi,Brozsset,549-792-5086,67,Female
Kelwin,Birdis,999-160-5393,15,Male
Thorny,Dundredge,117-773-2693,12,Male
Elonore,Yong,757-529-7616,67,Female
Shamus,Hundley,781-539-4549,28,Male
Dulcie,Scarce,623-977-6614,20,Female
Joscelin,Eaglesham,636-182-3463,95,Female
Sammy,Prestige,347-404-2285,79,Male
Dewie,Jeaves,590-160-3168,52,Male
Corine,Attewill,178-901-2711,75,Female
Juli,Gladdish,789-332-1260,53,Female
Ellis,Plascott,817-516-1558,70,Male
Karee,Balden,291-484-1656,45,Female
Marcile,Tiley,553-166-8346,26,Female
Ardelis,Ferneley,470-481-8363,32,Female
Althea,Grzelczak,481-579-7678,46,Female
Melisande,Allchin,466-682-9523,4,Female
Kahlil,Mephan,726-833-1934,31,Male
Abbey,Lergan,903-404-2929,11,Male
Markos,Stroud,431-279-4670,69,Male
Seamus,Vardy,891-509-8680,72,Male
Fergus,Gregson,788-446-1401,73,Male
Sutherland,Checklin,477-252-4061,51,Genderqueer
Fernande,Gornall,582-273-3032,54,Agender
Kathy,Mersey,282-726-5698,48,Female
Chandra,Gabrieli,116-252-7100,5,Female
Johanna,Denman,633-161-5712,24,Female
Nissa,Tregea,221-707-5013,52,Female
Blinni,Colwill,991-524-2684,92,Female
Daisey,Novkovic,363-286-5237,42,Female
Gaby,Veevers,885-198-1790,31,Agender
Paddie,Readwood,170-534-0915,64,Male
Dion,Prophet,661-717-5168,90,Female
Amaleta,Sire,261-347-4381,43,Female
Nick,Banbury,681-396-0607,54,Male
August,Dumbar,223-930-5677,69,Male
Paolina,Lusted,728-960-4491,83,Female
Roxana,Strelitzki,346-808-3810,98,Female
Alastair,Dundin,747-587-6983,71,Male
Goddard,Ravenscroftt,860-224-7297,24,Male
Gardie,Wheadon,387-907-1942,33,Male
Mikaela,Connah,264-198-7481,84,Female
Tammy,Balsillie,566-425-3094,11,Male
Alys,Skippon,251-622-6807,77,Female
Dame,Andersch,740-380-6488,31,Male
Marjory,Lingley,620-119-3766,38,Female
Alvinia,Rableau,207-541-9407,29,Female
Latrena,Badsworth,949-862-7022,39,Female
Ludwig,Carrabott,791-207-9486,13,Genderfluid
Valeda,Gillani,705-185-2997,38,Female
Bab,Noble,554-147-5245,30,Genderfluid
Shena,Cornu,482-700-4959,15,Genderfluid
Luelle,Oldroyde,181-163-3968,72,Female
Cornelle,Boscher,242-633-2079,46,Female
Sasha,Canty,606-937-7870,6,Male
Milka,Speller,786-512-8785,26,Female
Gabriel,Dymock,888-755-2810,11,Female
Carlos,Avarne,787-328-6226,93,Male
Helli,Doniso,787-455-2602,25,Bigender
Lisbeth,Leatham,654-675-1897,34,Female
Cristy,MacKnight,376-728-5309,41,Female
Kordula,Domleo,730-496-7148,32,Female
Fielding,Pimerick,805-365-6213,45,Male
Delano,Lahy,589-585-2552,75,Male
Lane,Petch,308-722-6985,13,Male
Gayleen,Kinchin,989-911-3042,33,Female
Daune,Dainton,117-573-2419,71,Female
Barbara-anne,Norster,536-256-0584,9,Female
Renault,Bloys,984-811-4033,28,Male
Corabel,Davidowsky,614-979-7005,87,Female
Lynette,Ipwell,528-446-9912,41,Female
Zollie,Parcell,600-213-9013,71,Male
Almire,Biss,247-211-0630,59,Female
Terrye,Sancias,243-796-9296,56,Female
Lisabeth,Batte,559-479-5199,28,Female
Idette,Duchan,553-812-1917,74,Female
Lissi,Liley,484-847-2978,36,Polygender
Wilmette,Walisiak,994-963-8509,24,Female
Gussy,Ginnelly,170-653-5175,26,Female
Patti,Ebsworth,156-103-0181,26,Female
Bernadene,Brushfield,975-393-3414,100,Female
Baudoin,Dragon,916-710-4906,83,Male
Dawn,Gilphillan,246-675-9727,21,Female
Moe,Dungate,679-334-5852,12,Male
Winnie,Victor,784-360-6016,81,Male
Zacharia,Sly,395-418-4086,90,Male
Jake,Fairholme,322-390-5300,2,Male
Patrice,Adnam,159-959-7215,49,Male
Geoffry,Layland,252-212-6593,32,Male
Thadeus,Dutt,389-567-0328,91,Male
Deb,Guerra,204-318-4620,83,Female
Heidie,Patchett,553-594-8434,94,Female
Parker,Eddoes,625-832-1084,26,Male
Jennee,Rosendorf,233-629-3277,38,Female
Amabel,Pinare,448-131-5136,93,Female
Tiffie,Perview,784-558-1328,68,Female
Orsa,Gyurkovics,886-173-1199,16,Female
Cathy,Walas,166-758-1251,51,Female
Arlen,Whittaker,417-335-3570,36,Female
Brina,Classen,898-311-9080,3,Female
Kingsley,Vala,301-751-3766,40,Male
Terry,Kenrack,955-461-1146,53,Polygender
Kalindi,Delle,225-707-2202,8,Female
Dion,Kluger,585-770-2450,85,Genderfluid
Crystie,Perrigo,723-480-1204,22,Female
Rosella,Daal,748-144-5651,41,Female
Nealy,Brookzie,989-300-5088,22,Genderfluid
Gabbie,Rabat,827-689-7235,39,Female
Jehanna,Sumbler,848-627-3014,2,Female
Karin,Tomasini,943-380-6157,88,Female
Arv,Castleton,705-756-8756,30,Non-binary
Claiborn,Arendt,698-493-2929,59,Genderqueer
Sib,Ivel,803-822-7808,21,Female
Tanya,Monnery,956-962-3927,78,Female
Gianna,Broadhead,220-883-3289,76,Female
Bonita,MacFarlane,818-860-6963,23,Female
Fredrick,Rikard,924-851-4529,47,Male
Almeda,MacMurray,123-770-3218,58,Genderfluid
Petey,Tenman,304-763-8236,46,Male
Lainey,Erwin,863-759-6433,38,Female
Vere,Pavese,950-276-7845,66,Agender
Binnie,Kinsell,952-906-9154,30,Female
Durante,Pessolt,751-582-9219,77,Male
Aura,Silverwood,610-529-1668,20,Female
Cal,Wick,530-662-1774,35,Female
Cornie,Grissett,893-339-6981,84,Male
Enrico,Mohammad,135-128-0081,48,Polygender
Corbin,Bedle,179-659-8295,40,Male
Tasha,Gotcher,703-328-8068,23,Female
Tabbie,Finlan,973-372-3780,97,Female
Tam,Shulver,289-635-4311,73,Male
Berget,Arch,213-284-8450,96,Female
Ricki,Maly,300-480-2295,29,Female
Caleb,Liversedge,863-135-5431,39,Male
Shanda,Sobtka,617-824-7151,6,Female
Bil,Bende,834-679-0086,47,Male
Wilbur,Allebone,966-456-4727,74,Male
Mose,Davern,781-412-7487,12,Male
Dede,Blonfield,344-517-2379,35,Polygender
Ruth,Flieg,494-505-0490,58,Female
Hamnet,Hassewell,931-105-0522,97,Genderqueer
Elbertine,Ronci,446-395-3138,17,Female
Raddie,Pinor,325-417-3659,54,Male
Demetra,Sheehy,967-184-1167,33,Female
Shay,Procter,836-427-9311,61,Male
Matthus,Raffan,294-603-1659,60,Male
Felicity,Forbes,913-232-9693,17,Female
Loren,Burbidge,928-889-1751,18,Genderqueer
Brandais,Prisley,333-264-9649,87,Polygender
Chandra,Duesberry,884-638-8138,40,Female
Sallyanne,Bage,479-115-0915,70,Female
Kaye,Hartzenberg,799-349-1651,8,Female
Ag,Kinnon,759-756-5139,96,Non-binary
Paulina,Curthoys,383-506-4851,57,Female
Alford,Moffett,931-239-7801,77,Male
Harlen,Brummell,554-920-6137,78,Male
Gerta,Bothram,333-433-2701,44,Female
Ruggiero,Carrier,830-586-2143,54,Male
Camille,McKearnen,887-974-0442,47,Female
Clementine,Matresse,221-724-1918,48,Female
Dorie,Robillard,832-112-1513,24,Male
Godard,Loft,998-505-6368,69,Male
Fowler,Ridler,614-106-0808,77,Male
Anabel,Cacacie,587-594-2595,30,Female
Thacher,Hardiker,900-532-7268,46,Male
Sisely,Simonyi,844-566-4657,71,Female
Davidde,Harwin,375-828-3114,46,Male
Barde,Harvatt,168-607-0994,57,Male
Cammi,Brentnall,916-531-1944,72,Bigender
Vivia,Steddall,316-398-3106,96,Female
Sammy,Wise,598-554-5790,36,Male
Tanhya,Brooke,526-175-2972,96,Female
Jamey,Downgate,212-824-8979,33,Male
Melessa,Renol,951-273-2361,32,Female
Lenard,Guerin,812-274-5491,5,Male
Caitlin,Longstaff,339-262-4914,67,Female
Zeb,Bonnavant,568-893-0735,17,Male
Gavin,Spatig,725-132-1768,58,Male
Giacopo,Rubinovici,932-820-3893,45,Male
Emelina,Reddle,943-445-6027,58,Non-binary
Kirby,Pionter,528-652-4148,49,Male
Kit,Vankeev,281-667-0463,73,Male
Paul,Satterfitt,212-449-5537,26,Agender
Celestia,Emlen,380-641-3258,32,Female
Ezequiel,Kirckman,204-972-3682,99,Male
Washington,Tweedell,818-527-9739,1,Male
Andy,Wylie,491-252-1214,38,Agender
Aubry,Bissatt,180-752-3684,80,Female
Adina,Zorzutti,738-710-8447,73,Female
Sax,Priest,358-395-4512,34,Male
Cher,Gambles,870-546-6652,100,Female
Harald,Fahy,982-631-0286,24,Male
Briant,Ledingham,611-275-0670,22,Male
Tani,Karpushkin,347-291-4515,18,Genderqueer
Taylor,Ogborne,630-163-5335,36,Male
Clyve,Bryns,632-774-6904,24,Male
Aurel,Teasey,703-460-7082,85,Female
Roxy,Sinnott,321-570-9700,47,Female
Zabrina,Bradick,112-653-2112,18,Female
Kelly,Gettings,357-985-7434,94,Female
Gerrie,Griffithe,505-754-4763,82,Genderqueer
Dorie,Ocheltree,756-193-0539,36,Female
Robina,Giorgioni,578-349-4167,66,Female
Garv,Eilhermann,449-173-1008,27,Male
Delainey,Purbrick,815-571-2663,48,Male
Jakie,Musk,919-645-3098,32,Male
Rachael,Rapp,467-761-0880,35,Female
Banky,Giovannacci,275-894-2347,86,Male
Davy,Braham,377-424-4212,39,Male
Nelli,Dinwoodie,214-630-2306,65,Female
Shaine,Malter,161-341-9233,70,Female
Phaedra,Camsey,390-626-8315,20,Female
Neilla,Fillimore,310-293-0167,92,Bigender
Martie,Van Castele,811-518-8291,51,Female
Jody,Gerber,224-596-8453,41,Female
Leonhard,Reddecliffe,147-331-5580,46,Male
Pia,Sessuns,768-957-9686,64,Female
Aura,Thurnham,894-142-8916,39,Female
Bink,Totterdill,697-878-0053,34,Male
Catlee,Halbard,957-358-7373,24,Female
Derry,Deverale,524-350-2971,69,Male
Sherri,Tebbe,874-155-2223,24,Female
Bret,Hanscome,223-435-9098,4,Male
Gunar,Stollsteimer,893-959-2928,46,Male
Audra,Klosterman,278-405-5759,32,Female
Kermit,Meake,300-193-2248,72,Male
Imogene,Canadine,818-608-3676,86,Female
Rowan,Downgate,864-672-5463,7,Male
Paton,Molesworth,894-422-3134,78,Male
Louisa,Caldecourt,704-145-6928,54,Female
Cynthea,Galle,126-445-5661,72,Female
Jeane,Eggleston,742-115-0167,36,Female
Packston,Adolfsen,448-596-3518,71,Genderqueer
Lombard,Bridgnell,458-701-5728,92,Male
Jabez,Normandale,604-963-5461,87,Genderqueer
Shel,Yuryshev,242-130-5375,10,Female
Thayne,Breslau,805-772-7309,51,Male
Krysta,Bolsteridge,392-645-7076,89,Female
Moyra,Demchen,933-999-5999,90,Genderfluid
Wittie,Bogart,301-339-3313,6,Male
Valle,Wordsley,828-293-0617,25,Male
Layne,Jaye,205-206-3276,41,Female
Culley,Ever,548-738-1655,58,Male
Selina,Counihan,865-918-8397,17,Female
Silas,Feronet,815-467-5990,26,Male
Nelson,Greetham,575-231-6933,8,Polygender
Ardine,Chupin,801-110-5298,21,Female
Florian,Kohter,296-101-8978,61,Male
Rosco,Klimus,109-741-6180,12,Male
Noni,Blaisdale,544-100-1536,51,Female
Collette,Parnham,246-467-9324,34,Female
Ephraim,Finders,203-276-8259,85,Male
Gaylord,Lilleycrop,477-498-5302,60,Male
Gayleen,Mulmuray,635-374-6230,28,Female
Celinka,Ruffler,219-800-3072,83,Non-binary
Shelia,Yuranovev,616-272-9655,88,Genderfluid
Hobie,Garnett,248-700-5757,91,Male
Jerrie,Covet,695-201-5637,7,Male
Smith,Huckel,752-567-5095,89,Male
Muffin,Jurczyk,535-366-7198,94,Male
Kimbell,Morrell,930-702-4569,73,Male
Graehme,Mazonowicz,501-848-6819,100,Male
Francois,Manwell,378-681-2168,30,Male
Godfrey,Magnus,765-282-6225,17,Male
Barr,Ever,811-349-0856,79,Polygender
Rufe,Exroll,946-457-6098,42,Male
Rona,Wince,393-356-2673,67,Female
Charline,Fellowes,337-159-6655,98,Female
Antonino,O'Quin,577-891-6829,35,Male
Alvan,Bagger,980-627-7457,51,Male
Quint,Gligoraci,849-359-4200,4,Male
Hetty,Kear,849-675-3835,69,Non-binary
Raychel,Jerrans,610-302-7667,70,Female
Cecilius,Vynehall,301-621-2983,51,Polygender
Tricia,Burrow,275-972-1815,74,Female
Kippy,Ruslin,491-796-3018,42,Male
Sorcha,Darque,300-580-7438,8,Female
Floria,Oswal,649-671-5714,53,Female
Valery,Bole,225-727-4554,7,Female
Rafael,Claibourn,319-408-1760,39,Male
Grannie,Wolfenden,918-649-3612,23,Male
Alfonso,Ladon,808-817-6411,5,Male
Althea,Stellman,292-307-9867,1,Female
Gwennie,Ondrasek,838-905-0095,56,Female
Holly,Yarham,801-330-4596,52,Male
Miltie,Dearan,431-958-5316,45,Male
Katerina,Low,140-791-3280,87,Female
Joann,Flippini,596-608-3755,42,Female
Ethelyn,Mugford,337-888-4253,56,Female
Lora,Rowlin,227-436-2039,29,Female
Edmon,Filippello,788-621-8240,64,Polygender
Hans,Mussotti,518-766-5316,64,Male
Reggie,Rolph,151-701-0760,96,Male
Hermine,Lewinton,131-993-4107,53,Female
Lemmie,Bittlestone,757-182-2262,41,Male
Pauline,Osbidston,855-536-0856,80,Female
Angelle,Radwell,989-915-6864,19,Female
Pietra,Staneland,739-162-5236,27,Female
Carry,Santostefano.,820-301-6900,77,Female
Orlan,Tyrone,480-162-5659,22,Male
Sandy,Hepher,577-919-9211,80,Male
Ulric,Grishenkov,746-319-4830,81,Male
Kyrstin,Stoyle,583-260-0351,82,Female
Rufe,Hyman,788-855-5497,74,Male
Sylvester,Storck,806-949-3757,30,Male
Aubrie,Coffin,128-683-0050,20,Female
Ron,Ruseworth,826-698-2991,46,Male
Vern,Enga,270-988-1880,9,Male
Adelaida,Elcombe,564-598-0038,67,Female
Agatha,Latey,983-177-2512,1,Non-binary
Celeste,Harbisher,594-882-5321,69,Female
Teriann,Brame,623-629-0325,29,Female
Russell,Spier,529-361-9582,63,Male
Bernette,Liepina,497-145-7813,40,Genderfluid
Shanan,Junes,558-673-8810,61,Male
Brok,Stoll,248-484-5648,81,Male
Booth,Etherson,852-179-8816,48,Male
Adrianne,Arch,192-482-9453,70,Female
Bernadette,De Mitri,449-455-1374,96,Female
Guido,Greger,170-624-8245,68,Male
Natty,Doy,742-509-0251,36,Female
Doll,Liston,644-973-6086,92,Female
Fawne,Rubinovitsch,417-415-8557,74,Female
Marni,Woolley,476-629-7131,25,Non-binary
Sheffy,Huffey,537-686-5452,88,Male
Rodolphe,Tuerena,556-965-3348,77,Male
Dorris,McRuvie,187-671-7900,6,Female
Gualterio,Beirne,323-506-1813,72,Genderqueer
Wilmer,McCann,476-454-9103,45,Male
April,Eglaise,325-381-8522,80,Female
Wally,McDonald,440-681-5576,86,Male
Zacharia,Nollet,658-514-6025,42,Male
Peder,Babber,412-303-9888,30,Male
Bartolomeo,Jilliss,255-321-7411,94,Genderfluid
Neila,Self,121-495-7564,70,Female
Merci,Lind,195-929-7275,70,Female
Angy,Kubyszek,881-639-6531,53,Female
Tabby,Formigli,447-773-6272,90,Female
Merline,Frost,782-676-1924,6,Female
Nolly,Malone,324-975-9944,27,Male
Leda,Moncreiff,888-873-8560,80,Female
Petronille,Meaker,996-400-0589,58,Polygender
Arv,Paddon,163-810-2759,46,Male
Mirna,Ousby,819-761-0744,58,Female
Beitris,Gabits,407-981-5689,39,Non-binary
Giana,Giabuzzi,680-984-9072,83,Female
Constancy,Darton,863-336-7996,25,Female
Melanie,Yakovlev,778-369-4038,56,Female
Silas,Bruckmann,184-759-5649,21,Male
Kerry,De Ruggiero,627-957-6309,92,Female
Lillian,Scargle,156-689-0196,8,Female
Amandi,Dibble,847-787-5104,26,Female
Annabal,Kennerknecht,683-197-6658,84,Female
Patrice,Basey,765-976-9349,56,Female
Dulcine,Merck,433-567-6009,35,Female
Kirsti,Cubley,219-623-7389,16,Female
Mitchael,Rowbottom,486-391-1029,87,Male
Gallagher,Orteaux,929-347-6224,73,Male
Yank,Griffitts,269-624-7692,77,Male
Maryann,Reese,954-387-0181,84,Genderfluid
Mylo,McCreery,219-276-3930,62,Male
Randolf,Lamasna,213-955-6661,39,Male
Von,Witherbed,777-278-7269,64,Male
Chevy,Pollicote,466-184-2887,92,Male
Wiatt,Colby,203-959-2956,95,Male
Conchita,Godspeede,834-472-2276,16,Female
Dillie,Ahern,886-935-1415,10,Male
Ursulina,Budik,803-381-9505,43,Female
Delano,Prigmore,781-918-2477,69,Male
Averyl,Minette,966-480-4281,42,Female
Felicia,Tweede,604-290-8108,44,Female
Jocelyn,Macourek,444-203-3498,93,Female
Hillary,Glanvill,609-675-3098,21,Female
Karena,Chaudrelle,552-100-7735,21,Female
Adlai,Cadlock,128-809-5300,57,Male
Giovanni,Poppleton,763-926-0060,99,Agender
Belicia,Emm,486-672-1483,20,Female
Eadmund,Guitt,903-386-4490,68,Male
Rees,McSporrin,675-869-0567,78,Male
Latia,Dalton,516-409-4521,35,Female
Pamelina,Rudgley,725-974-8295,33,Female
Gillan,Hartlebury,783-385-2832,74,Female
Dennie,Ruthen,612-175-0304,99,Female
Dunn,Shillitto,451-737-5144,38,Male
Irwin,Josephs,306-293-4835,13,Male
Tonnie,Limon,632-344-8868,61,Male
Shawn,Forde,577-858-4589,33,Female
Elle,Sammons,706-419-2949,34,Female
Erskine,Scully,965-331-2190,69,Male
Blanca,Shearsby,550-343-0788,67,Female
Cosmo,Degoix,401-263-0618,2,Male
Madlin,Shotbolt,293-187-0787,82,Female
Huntington,Paragreen,473-185-4807,48,Male
Elsbeth,Maplestone,400-960-5662,34,Genderqueer
Rosabel,Whiterod,445-276-1736,56,Female
Karney,MacInerney,470-905-4460,16,Male
Datha,Capponeer,799-190-8446,55,Female
Edgardo,MacCardle,243-200-4235,35,Male
Barri,Winfrey,281-319-5008,68,Male
Reinold,Grahamslaw,238-185-4103,74,Male
Drusilla,Dolan,240-343-5720,18,Female
Arte,Bennedsen,798-896-5636,48,Male
Theo,Ahlin,536-767-4603,44,Female
Ardelia,Somerton,853-438-5732,41,Female
Pamelina,Cheves,392-491-1016,47,Female
Rozanne,Juniper,985-311-7435,10,Female
Patrica,Yeskin,324-856-2931,7,Female
Carmine,O'Cleary,854-348-1800,64,Male
Michel,MacConchie,193-857-5788,21,Female
Dicky,Cardenosa,160-248-1845,31,Male
Domenico,Hague,933-699-3754,78,Male
Evy,Moro,386-550-2634,36,Genderqueer
Myra,Ciccottio,745-195-4240,48,Female
Titus,Cawtheray,356-424-6275,20,Bigender
Josee,Hast,313-486-1810,100,Female
Natka,Kierans,622-958-7838,32,Female
Justine,Whelan,806-768-4076,92,Female
Christy,Grigori,972-688-7510,46,Male
Lucky,Delacour,674-574-1617,59,Female
Elinor,Gainsford,412-156-7277,87,Female
Alia,Repper,759-339-7624,11,Polygender
Bruno,Keirl,719-757-4766,33,Male
Mayne,Stennings,346-996-2399,12,Male
Amelina,Waddams,297-326-0737,40,Female
Lisa,Carme,994-960-3815,21,Female
Emmye,D'Costa,166-391-8290,4,Female
Peirce,Sidry,295-109-5984,69,Male
Libby,Bonsey,444-229-3080,81,Female
Marius,Lintill,309-690-3089,82,Male
Malvina,Shoorbrooke,136-178-0893,21,Female
Pamela,Hentzer,554-983-8681,71,Female
Taber,Rennicks,126-774-2349,49,Male
Rosemaria,Naughton,131-978-9272,30,Female
Maurice,Dutnell,758-599-2887,17,Male
Evelyn,Gillogley,984-334-7050,7,Male
Tess,Lodwig,497-639-5334,82,Polygender
Ignatius,Cornils,148-953-9340,81,Male
Aurel,Chastanet,868-491-5675,3,Female
Nappie,Sywell,889-390-5939,12,Male
Bernette,Symondson,667-585-3468,44,Polygender
Seward,Marcam,249-998-5477,75,Non-binary
Joice,Sydney,128-743-5241,52,Female
Xylia,Mougeot,899-524-1036,41,Female
Amye,Heather,280-511-7612,78,Female
Quintin,Wilfinger,625-520-0485,71,Male
Ava,Lynam,841-802-7727,16,Female
Betsy,Kremer,720-807-5249,67,Genderfluid
Honor,Newlove,773-717-5685,100,Female
Kirbie,Orr,653-854-1792,80,Female
Portie,Dunkerton,968-916-3364,28,Male
Helaina,Andrault,943-951-5544,96,Female
Findley,Gallichiccio,586-184-4580,36,Male
Ronald,Kornyshev,507-756-3177,97,Genderqueer
Winny,Staggs,367-530-0682,53,Male
Huey,Vicar,649-635-5546,97,Male
Tamiko,Sawnwy,263-944-9291,31,Female
Anatola,Scroggins,824-485-8569,24,Female
Lynnette,Paulig,239-964-4922,49,Female
Randolph,Walsham,916-392-4457,72,Male
Lorry,Keyhoe,204-260-8436,44,Male
Debera,Wroth,320-717-4603,59,Female
Diarmid,Rennard,734-953-5523,98,Non-binary
Farr,Sexton,651-779-2401,8,Male
Evonne,Lanning,951-637-8586,21,Female
Randolph,Maylor,156-682-1268,64,Male
Georgie,Severwright,273-940-9119,95,Polygender
Kristan,Roake,997-785-1596,34,Genderqueer
Danya,Luno,722-331-5241,86,Female
Zaneta,Baraja,673-713-0478,69,Female
Gilberte,Sives,313-568-9880,30,Female
Gaspard,Piggot,442-446-4142,32,Male
Lilah,Toohey,824-163-7830,12,Female
Garnette,Huller,257-977-8003,9,Female
Sylvia,Twort,944-831-8128,18,Female
Hirsch,Mathevon,980-617-8487,96,Male
Lelia,Hammersley,954-540-8276,24,Female
Burt,Ascraft,469-492-2849,46,Male
Carlynn,Ianniello,575-722-5298,32,Female
Marcellus,Exon,937-897-9559,83,Male
Isahella,Duesberry,142-830-5283,18,Female
Esme,Janaszkiewicz,386-878-6426,68,Genderfluid
Mildred,Castaneda,169-744-5975,9,Female
Alissa,Jonuzi,334-791-2902,83,Female
Fiorenze,Hickford,958-302-5518,32,Female
Patti,Hucklesby,259-785-3419,93,Female
Delbert,Ackery,953-906-0680,32,Male
Cinda,Dilrew,122-171-1535,56,Female
Marga,Urvoy,968-729-1610,70,Female
Zebedee,Schubuser,377-942-7009,58,Male
Angeli,Inger,227-558-2077,49,Male
Ingrim,Gatty,423-774-1624,16,Male
Hewet,Dibling,664-228-2788,47,Male
Mozelle,Sawrey,898-541-5547,2,Female
Kilian,Cringle,973-341-6365,83,Male
Gerome,Bloy,315-986-6175,98,Male
Olimpia,Simnor,683-656-0151,28,Female
Holli,Yapp,903-732-0260,68,Female
Kaycee,Ivashev,284-860-9590,50,Female
Isaiah,Codeman,618-297-2290,76,Agender
Jarid,Cooke,628-193-5272,80,Male
Mercie,Cleator,353-434-2729,49,Female
Chrisse,Jakel,506-489-7701,22,Male
Alasteir,Twomey,239-669-0026,17,Male
Dennison,Hoston,604-743-0433,18,Male
Konrad,Leverage,284-411-1845,29,Male
Norry,MacCurley,388-851-4072,34,Female
Gertrudis,Abbes,313-706-2302,98,Genderfluid
Malva,Stanluck,724-855-0673,38,Female
Sosanna,Hiscocks,128-606-1099,13,Female
Marty,Corballis,915-744-8253,14,Male
Broddy,Koop,900-541-8727,24,Male
Krisha,Chapelhow,668-795-8190,87,Male
Devland,Oris,858-638-9076,79,Male
Elvyn,Swynley,194-148-6854,37,Male
Alyse,Pesik,749-232-4113,58,Female
Ware,Orbine,596-462-4409,18,Male
Ty,Tadman,147-120-8076,99,Male
Alma,Brotherhood,852-338-8290,92,Female
Pernell,Kuschek,468-274-3790,2,Male
Ernesta,Edmands,287-961-8074,97,Female
Laurence,Threadgall,977-771-0054,32,Male
Sybilla,Mitchely,378-271-6472,19,Female
Brooke,Abbatt,548-277-8739,5,Female
Siusan,Kyte,767-321-2394,54,Female
Shina,Yandell,455-850-4439,1,Female
Joan,Toolin,827-102-1718,11,Female
Gale,Mordey,714-191-2188,21,Male
Crysta,Dansken,812-136-2805,11,Female
Hana,Stampe,457-650-5074,10,Female
Caty,Ainsley,314-792-5174,94,Female
Dionne,Arnaudi,828-856-5373,98,Female
Alta,Gaythorpe,365-426-7532,85,Female
Onfre,Dik,602-443-9835,13,Male
Lindsy,Flaunier,742-108-7735,67,Female
Nat,Blincko,997-764-1350,61,Male
Shandy,Swainger,663-291-4393,48,Female
Dunn,Rollitt,500-196-6595,34,Male
Rockie,Wedderburn,170-845-7779,12,Male
Guillema,Shevlane,329-583-0669,47,Female
Alfy,De la Barre,876-966-5284,11,Non-binary
Corrie,Bogays,955-706-5976,89,Genderqueer
Jourdan,Bottomore,664-932-6518,25,Female
Barbara-anne,Osband,885-899-1430,13,Female
Kimmie,Grimoldby,974-772-2295,87,Female
Gianina,Soule,619-878-3315,33,Female
Bil,Blackborough,791-399-1004,38,Male
Nicolais,Roll,941-932-7367,55,Male
Phyllis,Gilbane,338-811-0498,37,Female
Tandi,Moniker,316-800-1680,47,Female
Brion,Hounsom,108-399-7377,11,Male
Arty,Reubens,979-400-1721,31,Polygender
Chrissie,Currin,423-523-2421,94,Male
Phillipp,Andries,996-214-4190,82,Male
Star,Pankethman,371-547-1184,69,Female
Natal,Gard,690-951-2499,82,Male
Fremont,Giacomasso,600-382-6884,89,Male
Birk,Weaving,325-192-0879,15,Male
Crawford,Mangham,954-974-1153,8,Male
Sheela,Byram,150-720-2376,52,Female
Liz,Niccols,864-918-8258,93,Female
Aimil,Heighton,837-145-5170,59,Female
Shae,Redferne,249-621-0736,64,Female
Rennie,Schooling,700-970-6659,4,Non-binary
Yovonnda,Fewell,954-443-2256,92,Female
Creighton,Culshew,578-459-4250,53,Male
Dilan,Hallad,189-506-5623,48,Male
Barty,Proom,149-507-3125,44,Male
Jacinda,Conaboy,819-215-8289,96,Female
Bryce,Threadgould,924-834-6952,16,Male
Rock,Medland,555-943-6798,39,Male
Darci,Geerits,692-817-6942,27,Female
Diarmid,McAnulty,718-704-5402,38,Male
Mayer,Rochford,229-530-7847,96,Male
Clerissa,Drane,669-774-8682,9,Female
Giff,Schout,586-678-3438,26,Male
Tiffy,Weatherley,575-781-1451,4,Female
Delainey,Possek,523-323-4274,79,Male
Cinderella,Willmot,672-750-6388,56,Genderfluid
Rudolph,Dammarell,345-690-9114,55,Male
Gabriele,Cansdall,710-853-7270,2,Male
Teresita,Scough,714-610-1194,27,Female
Rodie,Twort,720-272-3902,2,Female
Marcelline,Wrathall,277-144-3172,14,Female
Erie,Elfes,996-207-8320,50,Male
Gary,Glenister,294-981-0847,37,Male
Michale,Bilsland,123-877-1437,41,Male
Winna,Coltan,318-388-1945,71,Female
Eddy,Maestrini,481-295-3617,21,Male
Rice,Jerwood,983-985-4114,73,Male
Laney,Kington,862-601-4098,46,Male
Wilhelmina,Spaldin,560-573-1339,99,Female
Othilia,Shortin,636-725-5066,14,Female
Michale,Tilling,479-101-3344,66,Male
Gabriela,Capstaff,403-383-7963,94,Female
Caddric,Gowthrop,320-911-7725,39,Male
Porty,Dyne,325-941-5562,81,Male
Peyter,Nettleship,240-363-2280,55,Male
Tyne,Scutcheon,499-461-2942,31,Female
Chadd,Maxstead,560-152-7732,8,Male
Darrick,MacIlhargy,849-369-3924,14,Male
Amery,Boissieux,288-845-4571,73,Male
Dore,Harriagn,302-797-0033,59,Male
Piggy,Delgardillo,943-655-9001,77,Male
Reynolds,Weed,884-425-2569,96,Male
Frederica,Royall,639-769-0417,47,Female
Evie,Sambidge,614-501-3868,20,Female
Annabell,Lyver,841-519-9392,64,Female
Sigvard,Kuhnert,839-745-9421,39,Male
Northrop,Everall,701-393-6158,26,Male
Howard,Mudle,443-297-8842,51,Male
Vince,Feldbau,723-420-5840,54,Male
Francois,Brion,230-302-9704,79,Male
Fonz,Hebditch,140-863-5549,20,Male
Phyllis,Pellett,875-431-3960,19,Female
Waldon,Chalmers,914-564-8566,92,Male
Anica,Ailsbury,982-840-9282,34,Female
Candida,Cubbon,274-602-2582,28,Female
Fancie,Jefferd,625-541-1558,27,Female
Herve,Arbuckle,381-615-1439,37,Male
Morly,Wellesley,124-278-8165,20,Genderfluid
Lura,Bovis,873-539-0593,34,Female
Jayme,Maes,501-436-1698,100,Male
Clemente,McCandie,512-511-1887,44,Agender
Brennan,Mander,943-471-8583,79,Male
Abner,Cheater,770-861-4970,97,Male
Augy,Pirdue,564-689-6711,45,Male
Will,Jevons,686-956-0984,34,Male
Keeley,Hazael,488-997-5847,42,Female
Cornell,McTiernan,596-475-5698,100,Male
Bendite,Acors,473-351-0347,58,Female
Lelah,Cancutt,517-765-9467,29,Female
Brittani,Joney,346-996-1586,11,Female
Sadella,McAllister,647-861-7792,35,Genderfluid
Prince,Cornford,466-973-7519,63,Male
Clerc,Crosher,852-918-5803,14,Male
Kari,Nettles,552-672-7984,75,Genderqueer
Blayne,Hamm,339-300-3601,70,Male
Des,Wilber,708-120-4677,95,Male
Suzanne,Kleisle,272-889-8472,59,Female
Dedra,Siemons,732-515-0031,68,Female
Judas,Kearley,985-773-7341,67,Male
Deirdre,Kluger,394-586-8225,89,Female
Phillis,Cohane,513-493-6514,50,Female
Jeno,Camell,333-588-9532,84,Male
Parnell,McKim,651-753-5803,71,Male
Idelle,Nickels,831-953-4773,66,Female
Jeanine,Mulberry,397-602-6847,25,Female
Cordie,Taylour,618-382-1124,1,Male
Judd,McCluney,614-642-3314,2,Male
Riobard,Lasselle,706-420-4860,38,Male
Jean,Halley,280-227-0758,5,Male
Tomlin,Geockle,254-694-0531,64,Genderqueer
Jareb,Ragg,954-805-9332,6,Male
Ben,Mattiello,616-594-8503,30,Male
Fredek,Merali,587-738-0219,49,Male
June,Greenset,892-694-8280,14,Female
Somerset,Farden,211-416-8921,56,Male
Nico,Widmoor,471-889-0053,56,Male
Jessika,Stadden,575-549-9199,71,Female
Dieter,Brunesco,792-307-4531,5,Male
Ema,Tonepohl,789-864-1707,58,Female
Aldis,Pexton,977-418-2437,24,Male
Piggy,Fane,576-643-8943,28,Male
Elsbeth,Swaffer,661-170-7940,70,Female
Jon,Castagna,474-294-2185,5,Male
William,Ruecastle,628-526-0268,14,Male
Kennith,Craney,419-719-7028,40,Male
Jammie,Laydon,296-365-2560,47,Polygender
Tadd,Dench,256-778-6547,28,Male
Isabella,Crutchfield,772-550-9483,95,Female
Ford,Smeeth,837-897-5406,55,Male
Silvana,Felkin,536-342-2854,5,Female
Hephzibah,Iamittii,899-935-9782,33,Female
Luce,Farherty,458-682-1240,77,Female
Lynde,Salerno,840-961-0812,85,Female
Lorettalorna,Devil,840-540-7317,33,Female
Bessie,Pawel,833-950-5554,48,Female
Saundra,Haswall,711-913-4711,12,Male
Friederike,De La Hay,657-481-4579,6,Female
Georgianna,Goldster,963-801-6067,72,Female
Casandra,Robez,727-246-6190,23,Female
Gerome,Elbourne,132-685-4976,16,Male
Rani,Porson,596-652-8114,23,Female
Mariel,Lowin,384-824-0897,96,Female
Joanna,Merrett,317-703-9491,98,Female
Kristopher,Bryns,198-551-5424,100,Male
Eunice,Bartalucci,997-783-1822,25,Non-binary
Xenos,Phlippi,146-948-9143,73,Male
Trudi,Troker,438-470-4769,24,Female
Elroy,Hundey,534-748-6522,59,Male
Trenton,Hanbridge,535-830-0351,99,Male
Ingemar,Ivashchenko,412-996-2202,6,Male
Hendrik,MacDonell,734-637-7687,20,Male
Gayla,Dessaur,127-803-0979,3,Female
Opaline,Juzek,637-736-8030,87,Female
Peri,Guidini,683-190-5514,65,Female
Temp,Kuller,635-690-1069,29,Genderfluid
Diahann,MacGahey,319-442-8761,8,Female
Isak,Harrowell,281-333-1844,58,Male
Caria,Carlesso,475-220-7254,3,Non-binary
Sadie,Pavel,443-213-5545,27,Female
Terese,Stearn,959-843-2631,12,Female
Karney,Iveans,404-196-6965,41,Male
Karoline,Blakesley,705-669-0918,53,Female
Peder,Defrain,251-952-1695,19,Male
Rafferty,Stitfall,617-456-2772,26,Male
Melamie,Downing,574-124-9804,31,Female
Ellsworth,Grishaev,819-909-9354,40,Male
Corrine,Alan,517-488-5272,58,Female
Georgiana,Cadd,736-940-1135,65,Female
Johny,Kliesl,802-570-7795,56,Male
Thebault,Howsden,720-912-9914,68,Male
Isaac,Whitlam,172-780-6652,37,Male
Yetty,Barwick,867-467-4525,44,Genderfluid
Jo-ann,Hasty,264-109-9399,66,Non-binary
Berti,Horrod,471-225-9896,3,Male
Pearle,Huntington,958-789-7814,2,Female
Zandra,Townby,882-818-5758,61,Female
Arman,Riggoll,286-750-0681,94,Male
Hinze,Prandin,639-824-8816,99,Male
Julian,Whitcombe,404-182-6724,10,Male
Arlyn,Waterstone,512-790-6602,27,Female
Mollee,Linck,939-547-4933,93,Female
Valeda,Swatten,135-333-4730,76,Female
Terrijo,Lahive,624-308-8258,42,Female
Bess,Garaway,656-309-0171,10,Female
Elke,Perrin,701-281-2680,46,Female
Colet,Hunton,794-350-7409,38,Male
Lucius,Howard - Gater,301-616-5808,76,Male
Evy,Greaser,965-615-5941,83,Non-binary
Lalo,Laviste,498-876-1622,85,Male
Brantley,Cerro,162-883-1534,88,Male
Roch,Jeffels,324-173-6017,33,Female
Minne,Kember,368-750-5468,43,Female
Lew,Comizzoli,811-623-4152,100,Male
Colan,Miche,132-697-4165,94,Male
Barclay,Goulbourne,131-572-3421,80,Male
Wald,Makepeace,881-440-8516,61,Male
Deloria,Coney,847-577-7343,38,Female
Lew,McAllaster,317-136-1676,99,Genderqueer
Olin,Zettoi,915-363-3404,56,Male
Francklyn,McKyrrelly,173-948-8349,95,Male
Rinaldo,Girsch,372-829-0006,40,Male
Marcel,Beacham,813-228-6979,72,Male
Marissa,Swanton,262-511-3753,34,Bigender
Shina,Shipperbottom,812-759-2837,11,Female
Piper,Pulhoster,705-654-3166,13,Female
Marita,Dives,470-810-2367,80,Female
Arabella,Morhall,897-404-4586,38,Female
Edwin,Barnett,923-442-7192,14,Male
Mikael,Barge,321-875-9892,4,Male
Callean,Gorler,281-413-6196,65,Male
Queenie,Matula,833-686-2853,63,Female
Yolanda,Click,314-869-0226,80,Polygender
Lorena,Seneschal,356-127-6865,59,Female
Reagan,Kemet,153-731-8623,96,Male
Darwin,Trevithick,695-555-0843,56,Male
Avril,Flagg,539-362-8996,16,Female
Ebeneser,MacAleese,697-667-8388,90,Male
Myrtia,Gainsburgh,405-517-4461,66,Female
Germaine,Bentham3,561-469-4716,4,Female
Dody,Josiah,278-137-2451,13,Female
Fee,Pennone,649-782-2840,34,Male
Chantal,Forge,682-206-1626,43,Female
Latashia,Norquoy,407-316-3168,14,Female
Thaddus,Verrell,775-248-4663,7,Male
Carlo,Bleasdale,603-828-5558,33,Male
Clare,Smewings,611-862-2649,65,Female
Gay,Rase,811-287-4232,8,Genderfluid
Ivan,Rowntree,526-254-7228,21,Male
Morna,Stych,919-991-9427,26,Female
Karen,Franken,329-287-7686,75,Female
Catlee,Shirt,918-625-1738,30,Female
Elysia,MacPhaden,811-406-2406,84,Female
Raphael,Slainey,814-119-7045,6,Male
Kelley,Brisley,784-689-7649,71,Female
Angelique,Davidi,847-435-8170,56,Female
Alanna,Rivallant,300-225-5793,80,Bigender
Horton,Lindores,503-697-4065,39,Male
Rosalinde,Fratczak,749-418-7894,55,Female
Vannie,Walcot,759-980-2693,45,Female
Martguerita,Grimsditch,172-660-3044,45,Female
Violetta,Blade,905-591-7317,13,Female
Vida,Medford,280-453-8192,18,Female
Nicolea,Toffano,914-830-3507,85,Female
Kelvin,Vidyapin,998-784-3072,54,Genderqueer
Leroy,Tabourin,857-934-9860,64,Male